{"count":1,"self":31.7512448,"total":765.98143529999993,"children":{"InitializeActuators":{"count":5,"self":0.0019683,"total":0.0019683,"children":null},"InitializeSensors":{"count":5,"self":0.0019958,"total":0.0019958,"children":null},"AgentSendState":{"count":100034,"self":9.1783431999999987,"total":117.1090631,"children":{"CollectObservations":{"count":500170,"self":2.3705494,"total":2.3705494,"children":null},"WriteActionMask":{"count":500170,"self":2.5353521999999997,"total":2.5353521999999997,"children":null},"RequestDecision":{"count":500170,"self":8.8193343999999989,"total":103.02481809999999,"children":{"AgentInfo.ToProto":{"count":500170,"self":5.891304,"total":94.20548389999999,"children":{"GenerateSensorData":{"count":500170,"self":8.6523488,"total":88.31418,"children":{"RayPerceptionSensor.Perceive":{"count":500170,"self":79.6618304,"total":79.66183079999999,"children":null}}}}}}}}},"DecideAction":{"count":100034,"self":614.0831744,"total":614.0831835,"children":null},"AgentAct":{"count":100034,"self":2.972385,"total":2.972385,"children":null},"AgentInfo.ToProto":{"count":290,"self":0.0049879,"total":0.0595994,"children":{"GenerateSensorData":{"count":290,"self":0.0059936999999999994,"total":0.0546115,"children":{"RayPerceptionSensor.Perceive":{"count":290,"self":0.048617799999999996,"total":0.048617799999999996,"children":null}}}}}},"gauges":{"My Behavior.CumulativeReward":{"count":290,"max":8.360002,"min":-4.52504444,"runningAverage":0.5123448,"value":8.310001,"weightedAverage":3.88604641}},"metadata":{"timer_format_version":"0.1.0","start_time_seconds":"1609100957","unity_version":"2019.4.10f1","command_line_arguments":"C:\\Program Files\\Unity\\Hub\\Editor\\2019.4.10f1\\Editor\\Unity.exe -projectpath C:\/Praca\/Unity\/Cars\/cars -useHub -hubIPC -cloudEnvironment production -hubSessionId a190fea0-4880-11eb-9de1-cfcac40b40fc -accessToken 0BafThTakLhWlrbnZaYpm9Y_9a_EHGBPxDW6p6eV6n8007f","communication_protocol_version":"1.3.0","com.unity.ml-agents_version":"1.7.2-preview","scene_name":"cars","end_time_seconds":"1609101723"}}